Timestamp,Your name,celeb1,celeb2,celeb3,celeb4,celeb5,celeb6
8/25/2026 15:55:50,,36,63,78,79,42,58
8/25/2026 15:55:58,,18,25,72,34,26,64
8/25/2026 15:56:03,,31,35,61,83,58,68
8/25/2026 15:56:06,,26,32,64,50,40,65
8/25/2026 15:56:14,,34,56,67,52,41,71
8/25/2026 15:56:15,,40,40,84,64,42,80
8/25/2026 15:56:15,,34,45,80,40,40,70
8/25/2026 15:56:18,,35,62,64,71,53,82
8/25/2026 15:56:18,,20,35,77,45,37,45
8/25/2026 15:56:18,,45,64,86,65,48,67
8/25/2026 15:56:19,,27,68,75,59,48,72
8/25/2026 15:56:20,,33,65,78,45,37,57
8/25/2026 15:56:20,,42,65,75,45,37,63
8/25/2026 15:56:21,,28,50,68,41,61,56
8/25/2026 15:56:24,,35,53,65,38,41,58
8/25/2026 15:56:24,,32,66,87,47,52,59
8/25/2026 15:56:26,,30,40,70,50,50,70
8/25/2026 15:56:28,,32,59,70,41,63,70
8/25/2026 15:56:29,,28,52,64,55,49,68
8/25/2026 15:56:30,,37,65,78,54,61,64
8/25/2026 15:56:31,,35,42,86,73,54,44
8/25/2026 15:56:31,,32,55,80,63,58,72
8/25/2026 15:56:32,,25,35,60,50,50,60
8/25/2026 15:56:35,,23,42,64,66,46,73
8/25/2026 15:56:35,,30,65,96,42,50,60
8/25/2026 15:56:38,,28,58,68,58,50,61
8/25/2026 15:56:39,,27,39,62,65,45,68
8/25/2026 15:56:41,,56,60,86,65,90,77
8/25/2026 15:56:41,,35,56,78,68,62,75
8/25/2026 15:56:45,,27,48,56,50,45,45
8/25/2026 15:56:46,,35,40,76,62,62,50
8/25/2026 15:56:46,,29,40,70,60,45,70
8/25/2026 15:56:46,,35,50,80,65,45,75
8/25/2026 15:56:48,,34,57,68,54,45,67
8/25/2026 15:56:50,,25,60,70,50,60,70
8/25/2026 15:56:50,,21,52,75,57,49,63
8/25/2026 15:56:50,,32,43,65,45,55,66
8/25/2026 15:56:51,,26,45,77,50,57,64
8/25/2026 15:56:53,,23,56,68,54,49,58
8/25/2026 15:56:54,,35,56,78,39,47,67
8/25/2026 15:56:54,,29,65,88,50,55,87
8/25/2026 15:56:55,,32,55,67,45,50,65
8/25/2026 15:56:55,,27,40,86,55,43,67
8/25/2026 15:56:56,,35,80,80,40,45,50
8/25/2026 15:56:59,,28,53,85,65,52,69
8/25/2026 15:57:03,,28,42,74,56,62,68
8/25/2026 15:57:03,,27,42,86,56,44,63
8/25/2026 15:57:05,,24,45,62,34,37,58
8/25/2026 15:57:05,,43,60,72,45,37,60
8/25/2026 15:57:06,,33,44,66,55,44,55
8/25/2026 15:57:08,,32,43,63,57,49,68
8/25/2026 15:57:10,,35,56,73,56,68,65
8/25/2026 15:57:11,,34,48,68,50,40,72
8/25/2026 15:57:12,,28,45,60,38,52,69
8/25/2026 15:57:13,,37,43,75,50,53,62
8/25/2026 15:57:15,,30,50,75,45,45,70
8/25/2026 15:57:17,,28,58,72,59,45,61
8/25/2026 15:57:17,,23,68,70,45,60,72
8/25/2026 15:57:19,,24,42,56,40,41,39
8/25/2026 15:57:21,,32,54,86,67,44,65
8/25/2026 15:57:22,,35,80,84,47,42,67
8/25/2026 15:57:22,,41,62,85,44,52,66
8/25/2026 15:57:25,,20,45,77,60,45,80
8/25/2026 15:57:27,,41,59,90,65,45,62
8/25/2026 15:57:38,,35,55,74,62,54,65
8/25/2026 15:57:50,,27,41,86,52,48,59
8/25/2026 15:57:52,,41,63,75,58,40,52
8/25/2026 15:57:57,,28,56,75,40,40,50
8/25/2026 15:58:09,,37,46,86,51,33,49
8/25/2026 15:58:12,,30,63,77,59,52,70
8/25/2026 15:58:16,,36,48,67,61,58,71
8/25/2026 15:58:17,,36,51,69,64,60,71
8/25/2026 15:58:27,,28,53,68,42,34,58
8/25/2026 15:58:47,,35,56,66,54,48,70
8/25/2026 15:58:53,,29,43,56,62,40,58
8/25/2026 15:58:58,,22,65,93,100,90,78
8/25/2026 15:59:41,,30,68,70,54,52,75
8/25/2026 15:59:50,,34,45,61,25,65,72
8/25/2026 16:00:38,,31,43,86,25,47,71
8/25/2026 16:02:36,,20,40,86,40,30,60
8/25/2026 16:02:47,,25,31,65,50,50,45
8/25/2026 16:04:10,,33,63,70,32,44,72